-- MySQL dump 10.13  Distrib 5.5.37, for debian-linux-gnu (x86_64)
--
-- Host: db    Database: keystone
-- ------------------------------------------------------
-- Server version	5.5.37-0ubuntu0.14.04.1

/*!40101 SET @OLD_CHARACTER_SET_CLIENT=@@CHARACTER_SET_CLIENT */;
/*!40101 SET @OLD_CHARACTER_SET_RESULTS=@@CHARACTER_SET_RESULTS */;
/*!40101 SET @OLD_COLLATION_CONNECTION=@@COLLATION_CONNECTION */;
/*!40101 SET NAMES utf8 */;
/*!40103 SET @OLD_TIME_ZONE=@@TIME_ZONE */;
/*!40103 SET TIME_ZONE='+00:00' */;
/*!40014 SET @OLD_UNIQUE_CHECKS=@@UNIQUE_CHECKS, UNIQUE_CHECKS=0 */;
/*!40014 SET @OLD_FOREIGN_KEY_CHECKS=@@FOREIGN_KEY_CHECKS, FOREIGN_KEY_CHECKS=0 */;
/*!40101 SET @OLD_SQL_MODE=@@SQL_MODE, SQL_MODE='NO_AUTO_VALUE_ON_ZERO' */;
/*!40111 SET @OLD_SQL_NOTES=@@SQL_NOTES, SQL_NOTES=0 */;

--
-- Table structure for table `assignment`
--

DROP TABLE IF EXISTS `assignment`;
/*!40101 SET @saved_cs_client     = @@character_set_client */;
/*!40101 SET character_set_client = utf8 */;
CREATE TABLE `assignment` (
  `type` enum('UserProject','GroupProject','UserDomain','GroupDomain') NOT NULL,
  `actor_id` varchar(64) NOT NULL,
  `target_id` varchar(64) NOT NULL,
  `role_id` varchar(64) NOT NULL,
  `inherited` tinyint(1) NOT NULL,
  PRIMARY KEY (`type`,`actor_id`,`target_id`,`role_id`),
  KEY `role_id` (`role_id`),
  CONSTRAINT `assignment_ibfk_1` FOREIGN KEY (`role_id`) REFERENCES `role` (`id`)
) ENGINE=InnoDB DEFAULT CHARSET=utf8;
/*!40101 SET character_set_client = @saved_cs_client */;

--
-- Dumping data for table `assignment`
--

LOCK TABLES `assignment` WRITE;
/*!40000 ALTER TABLE `assignment` DISABLE KEYS */;
INSERT INTO `assignment` VALUES ('UserProject','601679a367884904a8f6ae40e8f28c88','cf25b5c7c71a47e8b7214d4cb6ab8a22','9fe2ff9ee4384b1894a90878d3e92bab',0),('UserProject','abf88f205a8049ac9db24a463aaf076c','472abd6b92e84befb207d3125872aa32','9fe2ff9ee4384b1894a90878d3e92bab',0),('UserProject','abf88f205a8049ac9db24a463aaf076c','472abd6b92e84befb207d3125872aa32','f9b88d35a32744219165957127a81c68',0),('UserProject','bdee9cc516e74469a4f91face51681e2','e9f34f1b929746408ac7e7819eb72ce6','9fe2ff9ee4384b1894a90878d3e92bab',0);
/*!40000 ALTER TABLE `assignment` ENABLE KEYS */;
UNLOCK TABLES;

--
-- Table structure for table `credential`
--

DROP TABLE IF EXISTS `credential`;
/*!40101 SET @saved_cs_client     = @@character_set_client */;
/*!40101 SET character_set_client = utf8 */;
CREATE TABLE `credential` (
  `id` varchar(64) NOT NULL,
  `user_id` varchar(64) NOT NULL,
  `project_id` varchar(64) DEFAULT NULL,
  `blob` text NOT NULL,
  `type` varchar(255) NOT NULL,
  `extra` text,
  PRIMARY KEY (`id`)
) ENGINE=InnoDB DEFAULT CHARSET=utf8;
/*!40101 SET character_set_client = @saved_cs_client */;

--
-- Dumping data for table `credential`
--

LOCK TABLES `credential` WRITE;
/*!40000 ALTER TABLE `credential` DISABLE KEYS */;
/*!40000 ALTER TABLE `credential` ENABLE KEYS */;
UNLOCK TABLES;

--
-- Table structure for table `domain`
--

DROP TABLE IF EXISTS `domain`;
/*!40101 SET @saved_cs_client     = @@character_set_client */;
/*!40101 SET character_set_client = utf8 */;
CREATE TABLE `domain` (
  `id` varchar(64) NOT NULL,
  `name` varchar(64) NOT NULL,
  `enabled` tinyint(1) NOT NULL,
  `extra` text,
  PRIMARY KEY (`id`),
  UNIQUE KEY `name` (`name`)
) ENGINE=InnoDB DEFAULT CHARSET=utf8;
/*!40101 SET character_set_client = @saved_cs_client */;

--
-- Dumping data for table `domain`
--

LOCK TABLES `domain` WRITE;
/*!40000 ALTER TABLE `domain` DISABLE KEYS */;
INSERT INTO `domain` VALUES ('default','Default',1,'{\"description\": \"Owns users and tenants (i.e. projects) available on Identity API v2.\"}');
/*!40000 ALTER TABLE `domain` ENABLE KEYS */;
UNLOCK TABLES;

--
-- Table structure for table `endpoint`
--

DROP TABLE IF EXISTS `endpoint`;
/*!40101 SET @saved_cs_client     = @@character_set_client */;
/*!40101 SET character_set_client = utf8 */;
CREATE TABLE `endpoint` (
  `id` varchar(64) NOT NULL,
  `legacy_endpoint_id` varchar(64) DEFAULT NULL,
  `interface` varchar(8) NOT NULL,
  `region` varchar(255) DEFAULT NULL,
  `service_id` varchar(64) NOT NULL,
  `url` text NOT NULL,
  `extra` text,
  `enabled` tinyint(1) NOT NULL DEFAULT '1',
  PRIMARY KEY (`id`),
  KEY `endpoint_service_id_fkey` (`service_id`),
  CONSTRAINT `endpoint_service_id_fkey` FOREIGN KEY (`service_id`) REFERENCES `service` (`id`)
) ENGINE=InnoDB DEFAULT CHARSET=utf8;
/*!40101 SET character_set_client = @saved_cs_client */;

--
-- Dumping data for table `endpoint`
--

LOCK TABLES `endpoint` WRITE;
/*!40000 ALTER TABLE `endpoint` DISABLE KEYS */;
/*!40000 ALTER TABLE `endpoint` ENABLE KEYS */;
UNLOCK TABLES;

--
-- Table structure for table `group`
--

DROP TABLE IF EXISTS `group`;
/*!40101 SET @saved_cs_client     = @@character_set_client */;
/*!40101 SET character_set_client = utf8 */;
CREATE TABLE `group` (
  `id` varchar(64) NOT NULL,
  `domain_id` varchar(64) NOT NULL,
  `name` varchar(64) NOT NULL,
  `description` text,
  `extra` text,
  PRIMARY KEY (`id`),
  UNIQUE KEY `domain_id` (`domain_id`,`name`),
  CONSTRAINT `group_ibfk_1` FOREIGN KEY (`domain_id`) REFERENCES `domain` (`id`)
) ENGINE=InnoDB DEFAULT CHARSET=utf8;
/*!40101 SET character_set_client = @saved_cs_client */;

--
-- Dumping data for table `group`
--

LOCK TABLES `group` WRITE;
/*!40000 ALTER TABLE `group` DISABLE KEYS */;
/*!40000 ALTER TABLE `group` ENABLE KEYS */;
UNLOCK TABLES;

--
-- Table structure for table `migrate_version`
--

DROP TABLE IF EXISTS `migrate_version`;
/*!40101 SET @saved_cs_client     = @@character_set_client */;
/*!40101 SET character_set_client = utf8 */;
CREATE TABLE `migrate_version` (
  `repository_id` varchar(250) NOT NULL,
  `repository_path` text,
  `version` int(11) DEFAULT NULL,
  PRIMARY KEY (`repository_id`)
) ENGINE=InnoDB DEFAULT CHARSET=latin1;
/*!40101 SET character_set_client = @saved_cs_client */;

--
-- Dumping data for table `migrate_version`
--

LOCK TABLES `migrate_version` WRITE;
/*!40000 ALTER TABLE `migrate_version` DISABLE KEYS */;
INSERT INTO `migrate_version` VALUES ('keystone','/usr/local/lib/python2.7/dist-packages/keystone/common/sql/migrate_repo',44);
/*!40000 ALTER TABLE `migrate_version` ENABLE KEYS */;
UNLOCK TABLES;

--
-- Table structure for table `policy`
--

DROP TABLE IF EXISTS `policy`;
/*!40101 SET @saved_cs_client     = @@character_set_client */;
/*!40101 SET character_set_client = utf8 */;
CREATE TABLE `policy` (
  `id` varchar(64) NOT NULL,
  `type` varchar(255) NOT NULL,
  `blob` text NOT NULL,
  `extra` text,
  PRIMARY KEY (`id`)
) ENGINE=InnoDB DEFAULT CHARSET=utf8;
/*!40101 SET character_set_client = @saved_cs_client */;

--
-- Dumping data for table `policy`
--

LOCK TABLES `policy` WRITE;
/*!40000 ALTER TABLE `policy` DISABLE KEYS */;
/*!40000 ALTER TABLE `policy` ENABLE KEYS */;
UNLOCK TABLES;

--
-- Table structure for table `project`
--

DROP TABLE IF EXISTS `project`;
/*!40101 SET @saved_cs_client     = @@character_set_client */;
/*!40101 SET character_set_client = utf8 */;
CREATE TABLE `project` (
  `id` varchar(64) NOT NULL,
  `name` varchar(64) NOT NULL,
  `extra` text,
  `description` text,
  `enabled` tinyint(1) DEFAULT NULL,
  `domain_id` varchar(64) NOT NULL,
  PRIMARY KEY (`id`),
  UNIQUE KEY `domain_id` (`domain_id`,`name`),
  CONSTRAINT `project_ibfk_1` FOREIGN KEY (`domain_id`) REFERENCES `domain` (`id`)
) ENGINE=InnoDB DEFAULT CHARSET=utf8;
/*!40101 SET character_set_client = @saved_cs_client */;

--
-- Dumping data for table `project`
--

LOCK TABLES `project` WRITE;
/*!40000 ALTER TABLE `project` DISABLE KEYS */;
INSERT INTO `project` VALUES ('472abd6b92e84befb207d3125872aa32','admin','{}','Admin tenant',1,'default'),('79b5314c52f84a1bac51efcabcc2307e','service','{}','Service Tenant',1,'default'),('cf25b5c7c71a47e8b7214d4cb6ab8a22','demo','{}','Demo Tenant',1,'default'),('e9f34f1b929746408ac7e7819eb72ce6','alt_demo','{}','Alt_Demo Tenant',1,'default');
/*!40000 ALTER TABLE `project` ENABLE KEYS */;
UNLOCK TABLES;

--
-- Table structure for table `region`
--

DROP TABLE IF EXISTS `region`;
/*!40101 SET @saved_cs_client     = @@character_set_client */;
/*!40101 SET character_set_client = utf8 */;
CREATE TABLE `region` (
  `id` varchar(64) NOT NULL,
  `description` varchar(255) NOT NULL,
  `parent_region_id` varchar(64) DEFAULT NULL,
  `extra` text,
  PRIMARY KEY (`id`)
) ENGINE=InnoDB DEFAULT CHARSET=utf8;
/*!40101 SET character_set_client = @saved_cs_client */;

--
-- Dumping data for table `region`
--

LOCK TABLES `region` WRITE;
/*!40000 ALTER TABLE `region` DISABLE KEYS */;
/*!40000 ALTER TABLE `region` ENABLE KEYS */;
UNLOCK TABLES;

--
-- Table structure for table `role`
--

DROP TABLE IF EXISTS `role`;
/*!40101 SET @saved_cs_client     = @@character_set_client */;
/*!40101 SET character_set_client = utf8 */;
CREATE TABLE `role` (
  `id` varchar(64) NOT NULL,
  `name` varchar(255) NOT NULL,
  `extra` text,
  PRIMARY KEY (`id`),
  UNIQUE KEY `name` (`name`)
) ENGINE=InnoDB DEFAULT CHARSET=utf8;
/*!40101 SET character_set_client = @saved_cs_client */;

--
-- Dumping data for table `role`
--

LOCK TABLES `role` WRITE;
/*!40000 ALTER TABLE `role` DISABLE KEYS */;
INSERT INTO `role` VALUES ('9fe2ff9ee4384b1894a90878d3e92bab','_member_','{\"enabled\": \"True\", \"description\": \"Default role for project membership\"}'),('f9b88d35a32744219165957127a81c68','admin','{}');
/*!40000 ALTER TABLE `role` ENABLE KEYS */;
UNLOCK TABLES;

--
-- Table structure for table `service`
--

DROP TABLE IF EXISTS `service`;
/*!40101 SET @saved_cs_client     = @@character_set_client */;
/*!40101 SET character_set_client = utf8 */;
CREATE TABLE `service` (
  `id` varchar(64) NOT NULL,
  `type` varchar(255) DEFAULT NULL,
  `extra` mediumtext,
  `enabled` tinyint(1) NOT NULL DEFAULT '1',
  PRIMARY KEY (`id`)
) ENGINE=InnoDB DEFAULT CHARSET=utf8;
/*!40101 SET character_set_client = @saved_cs_client */;

--
-- Dumping data for table `service`
--

LOCK TABLES `service` WRITE;
/*!40000 ALTER TABLE `service` DISABLE KEYS */;
INSERT INTO `service` VALUES ('bfe622f8d2f2411fb4c70d6c1ddf6a22','identity','{\"name\": \"keystone\", \"description\": \"OpenStack Identity\"}',1);
/*!40000 ALTER TABLE `service` ENABLE KEYS */;
UNLOCK TABLES;

--
-- Table structure for table `token`
--

DROP TABLE IF EXISTS `token`;
/*!40101 SET @saved_cs_client     = @@character_set_client */;
/*!40101 SET character_set_client = utf8 */;
CREATE TABLE `token` (
  `id` varchar(64) NOT NULL,
  `expires` datetime DEFAULT NULL,
  `extra` mediumtext,
  `valid` tinyint(1) NOT NULL,
  `trust_id` varchar(64) DEFAULT NULL,
  `user_id` varchar(64) DEFAULT NULL,
  PRIMARY KEY (`id`),
  KEY `ix_token_expires` (`expires`),
  KEY `ix_token_expires_valid` (`expires`,`valid`)
) ENGINE=InnoDB DEFAULT CHARSET=utf8;
/*!40101 SET character_set_client = @saved_cs_client */;

--
-- Dumping data for table `token`
--

LOCK TABLES `token` WRITE;
/*!40000 ALTER TABLE `token` DISABLE KEYS */;
/*!40000 ALTER TABLE `token` ENABLE KEYS */;
UNLOCK TABLES;

--
-- Table structure for table `trust`
--

DROP TABLE IF EXISTS `trust`;
/*!40101 SET @saved_cs_client     = @@character_set_client */;
/*!40101 SET character_set_client = utf8 */;
CREATE TABLE `trust` (
  `id` varchar(64) NOT NULL,
  `trustor_user_id` varchar(64) NOT NULL,
  `trustee_user_id` varchar(64) NOT NULL,
  `project_id` varchar(64) DEFAULT NULL,
  `impersonation` tinyint(1) NOT NULL,
  `deleted_at` datetime DEFAULT NULL,
  `expires_at` datetime DEFAULT NULL,
  `extra` text,
  `remaining_uses` int(11) DEFAULT NULL,
  PRIMARY KEY (`id`)
) ENGINE=InnoDB DEFAULT CHARSET=utf8;
/*!40101 SET character_set_client = @saved_cs_client */;

--
-- Dumping data for table `trust`
--

LOCK TABLES `trust` WRITE;
/*!40000 ALTER TABLE `trust` DISABLE KEYS */;
/*!40000 ALTER TABLE `trust` ENABLE KEYS */;
UNLOCK TABLES;

--
-- Table structure for table `trust_role`
--

DROP TABLE IF EXISTS `trust_role`;
/*!40101 SET @saved_cs_client     = @@character_set_client */;
/*!40101 SET character_set_client = utf8 */;
CREATE TABLE `trust_role` (
  `trust_id` varchar(64) NOT NULL,
  `role_id` varchar(64) NOT NULL,
  PRIMARY KEY (`trust_id`,`role_id`)
) ENGINE=InnoDB DEFAULT CHARSET=utf8;
/*!40101 SET character_set_client = @saved_cs_client */;

--
-- Dumping data for table `trust_role`
--

LOCK TABLES `trust_role` WRITE;
/*!40000 ALTER TABLE `trust_role` DISABLE KEYS */;
/*!40000 ALTER TABLE `trust_role` ENABLE KEYS */;
UNLOCK TABLES;

--
-- Table structure for table `user`
--

DROP TABLE IF EXISTS `user`;
/*!40101 SET @saved_cs_client     = @@character_set_client */;
/*!40101 SET character_set_client = utf8 */;
CREATE TABLE `user` (
  `id` varchar(64) NOT NULL,
  `name` varchar(255) NOT NULL,
  `extra` text,
  `password` varchar(128) DEFAULT NULL,
  `enabled` tinyint(1) DEFAULT NULL,
  `domain_id` varchar(64) NOT NULL,
  `default_project_id` varchar(64) DEFAULT NULL,
  PRIMARY KEY (`id`),
  UNIQUE KEY `domain_id` (`domain_id`,`name`),
  CONSTRAINT `user_ibfk_1` FOREIGN KEY (`domain_id`) REFERENCES `domain` (`id`)
) ENGINE=InnoDB DEFAULT CHARSET=utf8;
/*!40101 SET character_set_client = @saved_cs_client */;

--
-- Dumping data for table `user`
--

LOCK TABLES `user` WRITE;
/*!40000 ALTER TABLE `user` DISABLE KEYS */;
INSERT INTO `user` VALUES ('601679a367884904a8f6ae40e8f28c88','demo','{\"email\": null}','$6$rounds=40000$QHksgoC807xpkkSW$WUi//IERROpcQAEIU7PjMSaAs8QdpN2t1.YC7QX295MhSADR3EuJ2yC50xwO7irvfTp6naNH8kTC1r8aA20OS0',1,'default',NULL),('abf88f205a8049ac9db24a463aaf076c','admin','{\"email\": null}','$6$rounds=40000$STCQFltZtQYvBKhK$NPEGtXI1WuGEoN0W5.iHgYx1BKZsaFfWAuef5bLRThRglpMmPp5qhJOfVAqHX33i3rv.nqw9u4OygG4zyugJa0',1,'default',NULL),('bdee9cc516e74469a4f91face51681e2','alt_demo','{\"email\": null}','$6$rounds=40000$NDRsNfDYHrDS3Clm$osVbXb2qAuSXCw7yQZ7SIM8qDMGxuH0NlUT6MRY/jnBAXHNLkPgWSczERfHnnBpZr/.qEWpCN8hbFSRgvP/t71',1,'default',NULL);
/*!40000 ALTER TABLE `user` ENABLE KEYS */;
UNLOCK TABLES;

--
-- Table structure for table `user_group_membership`
--

DROP TABLE IF EXISTS `user_group_membership`;
/*!40101 SET @saved_cs_client     = @@character_set_client */;
/*!40101 SET character_set_client = utf8 */;
CREATE TABLE `user_group_membership` (
  `user_id` varchar(64) NOT NULL,
  `group_id` varchar(64) NOT NULL,
  PRIMARY KEY (`user_id`,`group_id`),
  KEY `group_id` (`group_id`),
  CONSTRAINT `user_group_membership_ibfk_1` FOREIGN KEY (`user_id`) REFERENCES `user` (`id`),
  CONSTRAINT `user_group_membership_ibfk_2` FOREIGN KEY (`group_id`) REFERENCES `group` (`id`)
) ENGINE=InnoDB DEFAULT CHARSET=utf8;
/*!40101 SET character_set_client = @saved_cs_client */;

--
-- Dumping data for table `user_group_membership`
--

LOCK TABLES `user_group_membership` WRITE;
/*!40000 ALTER TABLE `user_group_membership` DISABLE KEYS */;
/*!40000 ALTER TABLE `user_group_membership` ENABLE KEYS */;
UNLOCK TABLES;
/*!40103 SET TIME_ZONE=@OLD_TIME_ZONE */;

/*!40101 SET SQL_MODE=@OLD_SQL_MODE */;
/*!40014 SET FOREIGN_KEY_CHECKS=@OLD_FOREIGN_KEY_CHECKS */;
/*!40014 SET UNIQUE_CHECKS=@OLD_UNIQUE_CHECKS */;
/*!40101 SET CHARACTER_SET_CLIENT=@OLD_CHARACTER_SET_CLIENT */;
/*!40101 SET CHARACTER_SET_RESULTS=@OLD_CHARACTER_SET_RESULTS */;
/*!40101 SET COLLATION_CONNECTION=@OLD_COLLATION_CONNECTION */;
/*!40111 SET SQL_NOTES=@OLD_SQL_NOTES */;

-- Dump completed on 2014-07-10 14:13:38
